label,top,low
player_assists,0.652464111,0.184717482
player_dbno,2.782855804,1.701782328
player_dist_ride,1664.885299,44.29648113
player_dist_walk,2368.424498,316.5244658
player_dmg,383.0100404,185.7431456
player_kills,3.464756944,1.783285931
player_survive_time,1265.643818,296.5335347