label,top,low
player_assists,0.71201021,0.184819531
player_dbno,3.078921962,1.731287613
player_dist_ride,2246.258331,76.59155721
player_dist_walk,2327.097951,372.880622
player_dmg,425.5725378,192.6269275
player_kills,3.830804124,1.795216006
player_survive_time,1330.072975,328.9924194